requirements ,Test Suit,Test Cases,Bug Id
FCAEB-165,FCAEB-160,FCAEB-7,
FCAEB-165,FCAEB-160,FCAEB-8,
FCAEB-165,FCAEB-160,FCAEB-9,
FCAEB-165,FCAEB-160,FCAEB-10,
FCAEB-165,FCAEB-160,FCAEB-11,
FCAEB-165,FCAEB-160,FCAEB-12,
FCAEB-165,FCAEB-2,FCAEB-13,
FCAEB-165,FCAEB-2,FCAEB-14,
FCAEB-165,FCAEB-2,FCAEB-15,
FCAEB-165,FCAEB-2,FCAEB-16,
FCAEB-165,FCAEB-2,FCAEB-17,
FCAEB-165,FCAEB-2,FCAEB-18,
FCAEB-165,FCAEB-2,FCAEB-19,
FCAEB-165,FCAEB-2,FCAEB-20,
FCAEB-165,FCAEB-2,FCAEB-21,
FCAEB-165,FCAEB-2,FCAEB-22,
FCAEB-165,FCAEB-2,FCAEB-23,
FCAEB-165,FCAEB-2,FCAEB-24,
FCAEB-165,FCAEB-2,FCAEB-25,
FCAEB-165,FCAEB-2,FCAEB-26,
FCAEB-165,FCAEB-2,FCAEB-27,
FCAEB-165,FCAEB-2,FCAEB-28,
FCAEB-165,FCAEB-2,FCAEB-29,
FCAEB-165,FCAEB-2,FCAEB-30,
FCAEB-165,FCAEB-2,FCAEB-31,
FCAEB-165,FCAEB-2,FCAEB-32,
FCAEB-165,FCAEB-2,FCAEB-33,
FCAEB-165,FCAEB-2,FCAEB-34,
FCAEB-165,FCAEB-2,FCAEB-35,
FCAEB-165,FCAEB-2,FCAEB-36,
FCAEB-165,FCAEB-2,FCAEB-37,
FCAEB-165,FCAEB-2,FCAEB-38,
FCAEB-165,FCAEB-2,FCAEB-39,
FCAEB-165,FCAEB-2,FCAEB-40,
FCAEB-165,FCAEB-2,FCAEB-41,
FCAEB-165,FCAEB-2,FCAEB-42,
FCAEB-165,FCAEB-2,FCAEB-43,
FCAEB-165,FCAEB-2,FCAEB-44,
FCAEB-165,FCAEB-2,FCAEB-45,
FCAEB-165,FCAEB-2,FCAEB-46,
FCAEB-165,FCAEB-2,FCAEB-47,
FCAEB-165,FCAEB-157,FCAEB-48,
FCAEB-165,FCAEB-157,FCAEB-50,FCAEB-50
FCAEB-165,FCAEB-157,FCAEB-51,
FCAEB-165,FCAEB-157,FCAEB-52,
FCAEB-168,FCAEB-161,FCAEB-53,
FCAEB-168,FCAEB-161,FCAEB-54,
FCAEB-168,FCAEB-161,FCAEB-55,
FCAEB-168,FCAEB-161,FCAEB-56,
FCAEB-168,FCAEB-161,FCAEB-57,
FCAEB-168,FCAEB-161,FCAEB-58,
FCAEB-168,FCAEB-161,FCAEB-59,
FCAEB-168,FCAEB-161,FCAEB-60,
FCAEB-168,FCAEB-161,FCAEB-61,
FCAEB-168,FCAEB-161,FCAEB-62,
FCAEB-168,FCAEB-161,FCAEB-63,
FCAEB-168,FCAEB-161,FCAEB-64,
FCAEB-168,FCAEB-161,FCAEB-65,
FCAEB-168,FCAEB-161,FCAEB-66,
FCAEB-168,FCAEB-161,FCAEB-67,
FCAEB-168,FCAEB-4,FCAEB-68,
FCAEB-168,FCAEB-4,FCAEB-69,
FCAEB-168,FCAEB-4,FCAEB-70,
FCAEB-168,FCAEB-4,FCAEB-71,
FCAEB-168,FCAEB-4,FCAEB-72,
FCAEB-168,FCAEB-4,FCAEB-73,
FCAEB-168,FCAEB-4,FCAEB-74,
FCAEB-168,FCAEB-4,FCAEB-75,
FCAEB-168,FCAEB-4,FCAEB-76,
FCAEB-168,FCAEB-4,FCAEB-77,
FCAEB-168,FCAEB-4,FCAEB-78,
FCAEB-168,FCAEB-4,FCAEB-79,
FCAEB-168,FCAEB-4,FCAEB-80,
FCAEB-168,FCAEB-4,FCAEB-81,
FCAEB-168,FCAEB-4,FCAEB-82,
FCAEB-168,FCAEB-4,FCAEB-83,
FCAEB-168,FCAEB-4,FCAEB-84,
FCAEB-168,FCAEB-4,FCAEB-85,
FCAEB-168,FCAEB-4,FCAEB-86,
FCAEB-168,FCAEB-4,FCAEB-87,
FCAEB-168,FCAEB-4,FCAEB-88,
FCAEB-168,FCAEB-4,FCAEB-89,
FCAEB-168,FCAEB-4,FCAEB-90,
FCAEB-168,FCAEB-4,FCAEB-91,
FCAEB-168,FCAEB-4,FCAEB-92,
FCAEB-168,FCAEB-4,FCAEB-93,
FCAEB-168,FCAEB-4,FCAEB-94,
FCAEB-168,FCAEB-4,FCAEB-95,
FCAEB-168,FCAEB-4,FCAEB-96,
FCAEB-168,FCAEB-4,FCAEB-97,
FCAEB-168,FCAEB-4,FCAEB-98,
FCAEB-168,FCAEB-4,FCAEB-99,
FCAEB-168,FCAEB-4,FCAEB-100,
FCAEB-168,FCAEB-4,FCAEB-101,
FCAEB-168,FCAEB-158,FCAEB-102,
FCAEB-168,FCAEB-158,FCAEB-102,
FCAEB-168,FCAEB-158,FCAEB-103,
FCAEB-168,FCAEB-158,FCAEB-104,
FCAEB-169,FCAEB-162,FCAEB-105,
FCAEB-169,FCAEB-162,FCAEB-106,
FCAEB-169,FCAEB-162,FCAEB-107,
FCAEB-169,FCAEB-162,FCAEB-108,
FCAEB-169,FCAEB-162,FCAEB-109,
FCAEB-169,FCAEB-162,FCAEB-110,
FCAEB-169,FCAEB-162,FCAEB-111,
FCAEB-169,FCAEB-162,FCAEB-112,
FCAEB-169,FCAEB-162,FCAEB-113,
FCAEB-169,FCAEB-162,FCAEB-114,
FCAEB-169,FCAEB-162,FCAEB-115,
FCAEB-169,FCAEB-162,FCAEB-116,
FCAEB-169,FCAEB-162,FCAEB-117,
FCAEB-169,FCAEB-3,FCAEB-118,
FCAEB-169,FCAEB-3,FCAEB-119,
FCAEB-169,FCAEB-3,FCAEB-120,
FCAEB-169,FCAEB-3,FCAEB-121,
FCAEB-169,FCAEB-3,FCAEB-122,
FCAEB-169,FCAEB-3,FCAEB-123,
FCAEB-169,FCAEB-3,FCAEB-124,
FCAEB-169,FCAEB-3,FCAEB-125,
FCAEB-169,FCAEB-3,FCAEB-126,
FCAEB-169,FCAEB-3,FCAEB-127,
FCAEB-169,FCAEB-3,FCAEB-128,
FCAEB-169,FCAEB-3,FCAEB-129,
FCAEB-169,FCAEB-3,FCAEB-130,
FCAEB-169,FCAEB-3,FCAEB-131,
FCAEB-169,FCAEB-3,FCAEB-132,
FCAEB-169,FCAEB-3,FCAEB-133,
FCAEB-169,FCAEB-3,FCAEB-134,
FCAEB-169,FCAEB-3,FCAEB-135,
FCAEB-169,FCAEB-3,FCAEB-136,
FCAEB-169,FCAEB-3,FCAEB-137,
FCAEB-169,FCAEB-3,FCAEB-138,
FCAEB-169,FCAEB-3,FCAEB-139,
FCAEB-169,FCAEB-3,FCAEB-140,
FCAEB-169,FCAEB-3,FCAEB-141,
FCAEB-169,FCAEB-3,FCAEB-142,
FCAEB-169,FCAEB-3,FCAEB-143,
FCAEB-169,FCAEB-3,FCAEB-144,
FCAEB-169,FCAEB-3,FCAEB-145,
FCAEB-169,FCAEB-3,FCAEB-146,
FCAEB-169,FCAEB-3,FCAEB-147,
FCAEB-169,FCAEB-159,FCAEB-148,
FCAEB-169,FCAEB-159,FCAEB-149,
FCAEB-169,FCAEB-159,FCAEB-150,
FCAEB-169,FCAEB-159,FCAEB-151,FCAEB-151
FCAEB-169,FCAEB-159,FCAEB-152,
FCAEB-169,FCAEB-159,FCAEB-153,
FCAEB-169,FCAEB-159,FCAEB-154,
FCAEB-169,FCAEB-159,FCAEB-155,
